fin_year,atc1_code,atc1_name,total_cost_m,govt_cost_m,scripts_m,share_pct,yoy_pct,rank_in_year
2023,L,Antineoplastic and immunomodulating agents,6786.3,6692.1,5.98,33.1,,1
2023,N,Nervous system,2215.6,1463.2,73.47,10.8,,2
2023,C,Cardiovascular system,2187.1,1210.1,110.19,10.7,,3
2023,J,Antiinfectives for systemic use,2051.7,1752.6,24.72,10.0,,4
2023,A,Alimentary tract and metabolism,1809.2,1325.4,50.22,8.8,,5
2023,R,Respiratory system,1438.9,1259.5,14.05,7.0,,6
2023,B,Blood and blood forming organs,1107.3,967.9,13.09,5.4,,7
2023,S,Sensory organs,947.4,855.9,10.63,4.6,,8
2023,M,Musculo-skeletal system,681.4,560.7,11.69,3.3,,9
2023,G,Genito-urinary system and sex hormones,449.3,323.2,8.39,2.2,,10
2023,D,Dermatologicals,426.1,344.2,5.41,2.1,,11
2023,H,Systemic hormonal preparations,261.5,178.8,7.01,1.3,,12
2023,V,Various,63.8,60.7,0.2,0.3,,13
2023,X,Unclassified,48.6,46.7,0.73,0.2,,14
2023,P,"Antiparasitic products, insecticides and repellents",4.7,3.7,0.09,0.0,,15
2024,L,Antineoplastic and immunomodulating agents,7434.2,7342.0,6.31,34.3,9.5,1
2024,N,Nervous system,2443.1,1623.4,75.98,11.3,10.3,2
2024,C,Cardiovascular system,2298.8,1286.3,108.06,10.6,5.1,3
2024,A,Alimentary tract and metabolism,2026.9,1516.8,52.27,9.3,12.0,4
2024,J,Antiinfectives for systemic use,1820.6,1504.0,25.13,8.4,-11.3,5
2024,R,Respiratory system,1463.6,1300.3,13.55,6.7,1.7,6
2024,B,Blood and blood forming organs,1146.5,1010.9,13.23,5.3,3.5,7
2024,S,Sensory organs,906.3,812.8,10.84,4.2,-4.3,8
2024,M,Musculo-skeletal system,776.2,649.1,11.84,3.6,13.9,9
2024,D,Dermatologicals,532.4,448.0,5.63,2.5,24.9,10
2024,G,Genito-urinary system and sex hormones,450.2,321.9,8.58,2.1,0.2,11
2024,H,Systemic hormonal preparations,250.0,165.1,7.05,1.2,-4.4,12
2024,X,Unclassified,69.7,67.3,0.8,0.3,43.3,13
2024,V,Various,61.4,58.8,0.2,0.3,-3.7,14
2024,P,"Antiparasitic products, insecticides and repellents",6.2,4.7,0.11,0.0,33.0,15
2025,L,Antineoplastic and immunomodulating agents,8326.9,8228.9,6.55,36.0,12.0,1
2025,N,Nervous system,2809.2,1934.8,78.14,12.1,15.0,2
2025,C,Cardiovascular system,2346.1,1358.1,101.36,10.1,2.1,3
2025,A,Alimentary tract and metabolism,2165.9,1640.2,52.57,9.4,6.9,4
2025,R,Respiratory system,1564.7,1399.0,13.38,6.8,6.9,5
2025,J,Antiinfectives for systemic use,1480.4,1162.8,24.93,6.4,-18.7,6
2025,B,Blood and blood forming organs,1068.2,931.5,12.92,4.6,-6.8,7
2025,S,Sensory organs,941.7,851.5,10.27,4.1,3.9,8
2025,M,Musculo-skeletal system,839.5,708.4,11.83,3.6,8.2,9
2025,D,Dermatologicals,617.4,526.7,5.81,2.7,16.0,10
2025,G,Genito-urinary system and sex hormones,513.1,367.1,9.02,2.2,14.0,11
2025,H,Systemic hormonal preparations,260.9,174.6,7.02,1.1,4.4,12
2025,X,Unclassified,129.2,126.1,0.94,0.6,85.5,13
2025,V,Various,62.7,60.0,0.2,0.3,2.0,14
2025,P,"Antiparasitic products, insecticides and repellents",9.4,6.8,0.18,0.0,51.5,15
2026,L,Antineoplastic and immunomodulating agents,8847.8,8752.3,6.83,36.5,6.3,1
2026,N,Nervous system,3094.2,2192.3,80.26,12.8,10.1,2
2026,C,Cardiovascular system,2424.5,1422.1,100.59,10.0,3.3,3
2026,A,Alimentary tract and metabolism,2293.8,1777.4,52.66,9.5,5.9,4
2026,R,Respiratory system,1665.2,1515.5,12.83,6.9,6.4,5
2026,J,Antiinfectives for systemic use,1164.2,855.6,24.15,4.8,-21.4,6
2026,B,Blood and blood forming organs,1018.5,884.2,13.24,4.2,-4.7,7
2026,S,Sensory organs,871.3,787.4,9.58,3.6,-7.5,8
2026,M,Musculo-skeletal system,817.4,684.2,11.98,3.4,-2.6,9
2026,G,Genito-urinary system and sex hormones,763.0,539.8,12.38,3.1,48.7,10
2026,D,Dermatologicals,727.6,636.9,5.97,3.0,17.8,11
2026,H,Systemic hormonal preparations,277.6,192.1,6.99,1.1,6.4,12
2026,X,Unclassified,187.6,184.0,1.07,0.8,45.2,13
2026,V,Various,65.7,63.3,0.21,0.3,4.9,14
2026,P,"Antiparasitic products, insecticides and repellents",11.2,8.0,0.24,0.0,18.7,15
