month_start,patient_share_pct,under_copay_script_pct,patient_share_12m_pct,months_in_window
2022-07-01,17.05,32.68,17.05,1
2022-08-01,16.33,31.92,16.68,2
2022-09-01,16.07,31.48,16.48,3
2022-10-01,16.06,31.14,16.38,4
2022-11-01,14.15,29.93,15.9,5
2022-12-01,13.24,27.61,15.41,6
2023-01-01,18.7,33.39,15.84,7
2023-02-01,19.08,32.27,16.2,8
2023-03-01,18.43,31.79,16.46,9
2023-04-01,19.08,32.45,16.7,10
2023-05-01,17.22,31.69,16.75,11
2023-06-01,16.96,31.88,16.77,12
2023-07-01,17.07,31.87,16.77,12
2023-08-01,15.92,31.24,16.73,12
2023-09-01,15.57,31.0,16.69,12
2023-10-01,14.68,30.06,16.57,12
2023-11-01,13.6,29.14,16.51,12
2023-12-01,13.21,27.47,16.51,12
2024-01-01,18.63,33.57,16.53,12
2024-02-01,18.77,32.5,16.53,12
2024-03-01,18.95,32.6,16.57,12
2024-04-01,18.27,32.14,16.53,12
2024-05-01,16.94,31.68,16.51,12
2024-06-01,16.63,32.23,16.48,12
2024-07-01,15.83,31.26,16.38,12
2024-08-01,15.67,31.24,16.36,12
2024-09-01,14.92,30.63,16.3,12
2024-10-01,14.08,29.52,16.23,12
2024-11-01,13.61,29.18,16.23,12
2024-12-01,12.74,26.94,16.16,12
2025-01-01,17.8,32.58,16.1,12
2025-02-01,17.82,31.6,16.03,12
2025-03-01,17.81,31.61,15.96,12
2025-04-01,17.46,30.83,15.9,12
2025-05-01,16.55,30.61,15.87,12
2025-06-01,15.94,30.75,15.81,12
2025-07-01,15.18,30.11,15.75,12
2025-08-01,15.65,30.55,15.75,12
2025-09-01,14.7,29.57,15.73,12
2025-10-01,14.08,28.69,15.72,12
2025-11-01,14.01,28.69,15.75,12
2025-12-01,13.05,26.2,15.76,12
2026-01-01,17.0,29.96,15.71,12
2026-02-01,17.3,28.77,15.67,12
2026-03-01,16.82,28.73,15.6,12
2026-04-01,16.54,28.47,15.53,12
2026-05-01,15.96,28.58,15.48,12
2026-06-01,15.13,28.25,15.41,12
2026-07-01,14.59,27.96,15.36,12
