rn,drug_name,govt_cost_m,scripts_m,govt_cost_per_script,cum_share_pct
1,PEMBROLIZUMAB,664.7,0.079,8407.89,3.2
2,ELEXACAFTOR + TEZACAFTOR + IVACAFTOR (&) IVACAFTOR,619.6,0.031,20313.68,6.3
3,DUPILUMAB,619.4,0.361,1716.02,9.3
4,NIVOLUMAB,458.2,0.065,7083.85,11.5
5,SEMAGLUTIDE,395.9,3.249,121.85,13.5
6,AFLIBERCEPT,361.5,0.483,748.86,15.2
7,UPADACITINIB,360.3,0.246,1461.72,17.0
8,DARATUMUMAB,311.0,0.044,7025.54,18.5
9,APIXABAN,305.9,4.681,65.35,20.0
10,OCRELIZUMAB,251.5,0.015,16390.4,21.2
11,DENOSUMAB,250.3,1.303,192.13,22.4
12,TAFAMIDIS,243.4,0.024,10012.4,23.6
13,ADALIMUMAB,219.5,0.421,521.86,24.7
14,OSIMERTINIB,204.9,0.027,7551.23,25.7
15,VEDOLIZUMAB,199.7,0.089,2250.87,26.7
16,FARICIMAB,195.5,0.19,1026.89,27.6
17,DAROLUTAMIDE,186.7,0.053,3505.32,28.5
18,DURVALUMAB,179.1,0.017,10712.67,29.4
19,IPILIMUMAB,177.5,0.01,17348.26,30.3
20,99999Z,174.3,0.949,183.72,31.1
