atc2_code,cal_month,seasonal_index,total_scripts_m
N06,1,0.94,161.79
N06,2,0.926,161.79
N06,3,1.02,161.79
N06,4,0.983,161.79
N06,5,1.048,161.79
N06,6,1.008,161.79
N06,7,0.998,161.79
N06,8,1.014,161.79
N06,9,0.98,161.79
N06,10,1.021,161.79
N06,11,0.998,161.79
N06,12,1.064,161.79
C09,1,0.927,155.05
C09,2,0.91,155.05
C09,3,0.996,155.05
C09,4,0.961,155.05
C09,5,1.011,155.05
C09,6,0.962,155.05
C09,7,1.038,155.05
C09,8,1.043,155.05
C09,9,1.008,155.05
C09,10,1.039,155.05
C09,11,1.012,155.05
C09,12,1.09,155.05
C10,1,0.913,151.82
C10,2,0.913,151.82
C10,3,1.005,151.82
C10,4,0.975,151.82
C10,5,1.029,151.82
C10,6,0.98,151.82
C10,7,1.021,151.82
C10,8,1.027,151.82
C10,9,0.993,151.82
C10,10,1.031,151.82
C10,11,1.01,151.82
C10,12,1.104,151.82
A02,1,0.904,97.54
A02,2,0.908,97.54
A02,3,0.998,97.54
A02,4,0.969,97.54
A02,5,1.029,97.54
A02,6,0.981,97.54
A02,7,1.026,97.54
A02,8,1.037,97.54
A02,9,0.995,97.54
A02,10,1.032,97.54
A02,11,1.01,97.54
A02,12,1.112,97.54
J01,1,0.843,89.82
J01,2,0.837,89.82
J01,3,0.944,89.82
J01,4,0.917,89.82
J01,5,1.049,89.82
J01,6,1.074,89.82
J01,7,1.137,89.82
J01,8,1.153,89.82
J01,9,1.074,89.82
J01,10,1.026,89.82
J01,11,0.982,89.82
J01,12,0.963,89.82
A10,1,0.871,85.57
A10,2,0.897,85.57
A10,3,1.006,85.57
A10,4,0.978,85.57
A10,5,1.053,85.57
A10,6,1.006,85.57
A10,7,1.004,85.57
A10,8,1.01,85.57
A10,9,0.973,85.57
A10,10,1.024,85.57
A10,11,1.019,85.57
A10,12,1.157,85.57
N02,1,0.916,84.81
N02,2,0.914,84.81
N02,3,0.999,84.81
N02,4,0.962,84.81
N02,5,1.035,84.81
N02,6,0.985,84.81
N02,7,1.016,84.81
N02,8,1.035,84.81
N02,9,0.996,84.81
N02,10,1.035,84.81
N02,11,1.015,84.81
N02,12,1.092,84.81
R03,1,0.813,53.22
R03,2,0.814,53.22
R03,3,0.91,53.22
R03,4,0.911,53.22
R03,5,1.028,53.22
R03,6,1.017,53.22
R03,7,1.092,53.22
R03,8,1.092,53.22
R03,9,1.04,53.22
R03,10,1.054,53.22
R03,11,1.047,53.22
R03,12,1.183,53.22
B01,1,0.895,45.91
B01,2,0.909,45.91
B01,3,1.004,45.91
B01,4,0.968,45.91
B01,5,1.031,45.91
B01,6,0.982,45.91
B01,7,1.022,45.91
B01,8,1.025,45.91
B01,9,0.994,45.91
B01,10,1.032,45.91
B01,11,1.012,45.91
B01,12,1.126,45.91
C07,1,0.88,38.42
C07,2,0.888,38.42
C07,3,0.981,38.42
C07,4,0.95,38.42
C07,5,1.017,38.42
C07,6,0.972,38.42
C07,7,1.025,38.42
C07,8,1.036,38.42
C07,9,1.005,38.42
C07,10,1.047,38.42
C07,11,1.031,38.42
C07,12,1.166,38.42
S01,1,0.838,37.22
S01,2,0.876,37.22
S01,3,0.972,37.22
S01,4,0.915,37.22
S01,5,0.998,37.22
S01,6,0.953,37.22
S01,7,1.007,37.22
S01,8,1.044,37.22
S01,9,1.017,37.22
S01,10,1.073,37.22
S01,11,1.081,37.22
S01,12,1.225,37.22
C08,1,0.902,36.64
C08,2,0.898,36.64
C08,3,0.984,36.64
C08,4,0.953,36.64
C08,5,1.011,36.64
C08,6,0.97,36.64
C08,7,1.041,36.64
C08,8,1.052,36.64
C08,9,1.015,36.64
C08,10,1.046,36.64
C08,11,1.018,36.64
C08,12,1.11,36.64
N05,1,0.933,35.41
N05,2,0.928,35.41
N05,3,1.01,35.41
N05,4,0.961,35.41
N05,5,1.039,35.41
N05,6,0.985,35.41
N05,7,1.027,35.41
N05,8,1.042,35.41
N05,9,0.991,35.41
N05,10,1.031,35.41
N05,11,0.999,35.41
N05,12,1.054,35.41
M01,1,0.904,26.5
M01,2,0.917,26.5
M01,3,0.995,26.5
M01,4,0.953,26.5
M01,5,1.031,26.5
M01,6,0.965,26.5
M01,7,1.01,26.5
M01,8,1.042,26.5
M01,9,0.998,26.5
M01,10,1.048,26.5
M01,11,1.032,26.5
M01,12,1.106,26.5
G03,1,0.931,25.58
G03,2,0.931,25.58
G03,3,1.05,25.58
G03,4,1.014,25.58
G03,5,1.111,25.58
G03,6,1.081,25.58
G03,7,0.936,25.58
G03,8,0.969,25.58
G03,9,0.947,25.58
G03,10,0.997,25.58
G03,11,0.992,25.58
G03,12,1.041,25.58
